line_num,order_id,product_id,quantity
1,1,4,4
2,1,146,1
3,1,14,1
4,2,102,3
5,2,95,4
6,3,82,4
7,3,95,1
8,3,101,4
9,4,146,1
10,4,111,2
11,4,149,2
12,5,85,4
13,5,45,2
14,5,101,1
15,5,122,4
16,5,63,2
17,6,125,3
18,6,22,2
19,6,62,4
20,6,27,1
21,6,81,5
22,7,35,3
23,7,9,1
24,8,134,5
25,9,62,4
26,10,71,4
27,10,106,3
28,10,11,1
29,11,22,5
30,11,147,1
31,11,59,2
32,11,121,4
33,12,76,3
34,12,102,4
35,12,38,3
36,13,97,2
37,13,60,2
38,13,37,4
39,13,26,1
40,14,99,1
41,14,107,2
42,14,80,5
43,15,42,2
44,15,24,5
45,15,58,2
46,16,52,4
47,16,119,4
48,16,60,3
49,16,78,1
50,16,19,3
51,17,144,5
52,17,36,1
53,17,114,5
54,17,80,5
55,18,9,2
56,18,48,4
57,19,104,3
58,19,139,2
59,19,16,4
60,19,60,2
61,19,64,5
62,20,18,2
63,21,29,3
64,21,32,5
65,22,46,4
66,22,132,1
67,22,37,2
68,22,44,3
69,22,25,5
70,23,128,5
71,23,35,4
72,24,9,2
73,24,145,2
74,24,70,4
75,24,100,1
76,25,47,3
77,25,48,4
78,25,20,1
79,25,83,4
80,25,16,1
81,26,4,2
82,26,17,4
83,26,66,3
84,26,47,3
85,26,59,1
86,27,138,2
87,27,2,5
88,27,126,4
89,28,104,4
90,28,39,4
91,28,116,3
92,28,40,1
93,29,30,4
94,29,108,4
95,30,24,1
96,30,55,1
97,30,35,3
98,31,22,3
99,31,83,5
100,31,12,4
101,31,4,5
102,32,5,3
103,32,135,2
104,33,109,2
105,33,50,3
106,33,81,5
107,33,66,4
108,33,44,5
109,34,101,3
110,34,35,1
111,34,69,5
112,35,98,5
113,35,21,1
114,35,44,4
115,35,41,3
116,35,134,3
117,36,19,2
118,37,50,1
119,37,59,5
120,37,96,5
121,37,17,3
122,37,2,1
123,38,41,3
124,38,8,3
125,38,61,4
126,38,62,4
127,38,8,1
128,39,121,4
129,39,73,4
130,40,143,3
131,40,2,1
132,40,134,3
133,40,62,1
134,40,68,2
135,41,124,4
136,41,75,1
137,42,51,2
138,42,102,2
139,43,143,3
140,43,80,4
141,43,135,3
142,43,126,2
143,43,23,2
144,44,92,5
145,45,91,3
146,45,39,3
147,45,10,5
148,45,144,5
149,45,42,5
150,46,92,3
151,46,90,2
152,46,28,2
153,46,105,5
154,46,17,2
155,47,93,5
156,47,96,2
157,47,29,2
158,48,85,5
159,48,105,3
160,48,60,1
161,49,38,1
162,49,77,5
163,49,62,2
164,49,9,3
165,50,75,1
166,51,43,3
167,51,119,1
168,51,26,5
169,52,75,4
170,52,94,2
171,53,105,5
172,53,60,3
173,53,34,2
174,54,144,1
175,55,61,4
176,56,111,2
177,56,30,4
178,56,28,4
179,56,87,4
180,56,24,4
181,57,15,1
182,57,146,4
183,57,60,3
184,57,138,2
185,58,1,3
186,58,116,1
187,58,129,4
188,58,68,4
189,59,37,4
190,60,134,4
191,60,108,3
192,60,150,2
193,61,53,3
194,61,42,5
195,62,108,1
196,62,26,1
197,63,58,1
198,63,21,3
199,63,131,1
200,64,68,2
201,64,81,4
202,64,140,3
203,64,67,2
204,64,3,1
205,65,37,5
206,65,119,1
207,66,17,5
208,66,115,5
209,66,112,3
210,66,122,5
211,66,66,5
212,67,24,1
213,68,65,5
214,68,95,4
215,68,9,1
216,68,100,4
217,69,19,3
218,69,77,3
219,69,101,4
220,70,29,3
221,71,116,4
222,72,50,3
223,72,84,2
224,72,132,5
225,72,21,2
226,73,43,5
227,73,10,1
228,73,129,2
229,73,146,5
230,73,97,1
231,74,75,1
232,74,48,2
233,74,148,2
234,74,130,4
235,75,40,3
236,75,27,5
237,75,75,3
238,76,108,3
239,76,103,4
240,76,141,1
241,76,68,3
242,76,3,5
243,77,55,5
244,77,132,3
245,77,47,1
246,77,101,1
247,78,101,3
248,79,42,3
249,79,33,1
250,79,73,3
251,80,5,4
252,81,141,4
253,81,116,3
254,81,135,4
255,81,105,1
256,82,70,1
257,82,141,4
258,82,134,4
259,82,43,3
260,82,42,5
261,83,49,1
262,83,119,3
263,83,127,2
264,84,137,4
265,84,59,1
266,84,16,5
267,84,3,1
268,85,128,4
269,85,139,4
270,85,31,2
271,85,109,3
272,85,49,4
273,86,22,4
274,86,146,5
275,87,150,1
276,87,96,1
277,88,63,4
278,88,121,2
279,88,79,2
280,89,20,5
281,89,12,1
282,89,110,5
283,90,100,5
284,90,42,5
285,90,47,4
286,90,69,4
287,91,114,4
288,91,85,3
289,91,9,1
290,91,122,4
291,91,107,4
292,92,122,1
293,92,19,5
294,92,61,2
295,92,9,3
296,93,78,1
297,93,107,3
298,93,9,4
299,93,10,1
300,94,66,4
301,95,41,2
302,95,38,2
303,95,73,4
304,96,26,1
305,97,33,2
306,98,82,1
307,98,64,4
308,99,18,2
309,99,148,5
310,99,123,3
311,99,91,3
312,99,16,2
313,100,80,3
314,100,68,1
315,100,55,5
316,100,57,4
317,101,106,1
318,102,104,3
319,103,129,5
320,104,63,4
321,104,73,3
322,105,40,5
323,105,30,5
324,105,126,4
325,105,107,4
326,105,60,5
327,106,149,5
328,106,49,5
329,106,27,3
330,106,121,3
331,106,22,3
332,107,87,4
333,107,149,1
334,108,36,2
335,108,138,5
336,108,75,2
337,108,63,5
338,108,14,3
339,109,86,1
340,109,28,5
341,109,60,2
342,109,128,4
343,109,95,5
344,110,148,5
345,110,76,5
346,110,122,2
347,110,62,5
348,111,46,5
349,111,81,3
350,111,109,3
351,112,122,4
352,112,63,2
353,112,44,3
354,112,18,2
355,112,70,1
356,113,137,4
357,114,9,2
358,114,43,5
359,114,105,5
360,114,10,2
361,115,29,5
362,115,5,2
363,115,127,2
364,115,8,1
365,116,96,5
366,117,106,4
367,117,20,5
368,118,51,4
369,119,19,1
370,119,47,3
371,119,95,3
372,119,85,1
373,120,89,5
374,120,3,5
375,121,94,5
376,121,127,4
377,121,29,1
378,121,150,1
379,121,36,1
380,122,138,2
381,122,150,1
382,122,29,2
383,122,64,1
384,122,57,3
385,123,119,1
386,123,103,2
387,123,59,4
388,123,46,1
389,123,81,4
390,124,73,4
391,124,4,1
392,124,20,3
393,125,108,1
394,126,141,4
395,126,22,3
396,126,107,5
397,127,52,5
398,127,113,3
399,127,3,1
400,128,27,3
401,129,23,2
402,129,10,4
403,129,87,1
404,130,141,5
405,130,146,4
406,131,14,4
407,132,29,4
408,132,126,2
409,132,20,3
410,132,52,1
411,133,140,5
412,133,25,4
413,133,78,2
414,133,125,5
415,134,117,4
416,134,132,2
417,134,104,1
418,134,134,5
419,135,27,5
420,135,8,2
421,135,64,5
422,135,20,1
423,135,150,5
424,136,137,5
425,136,82,1
426,136,61,1
427,136,85,2
428,137,110,5
429,137,86,1
430,137,79,4
431,138,133,5
432,138,29,5
433,139,29,3
434,139,116,4
435,139,17,3
436,139,122,3
437,139,68,2
438,140,88,2
439,140,121,1
440,140,142,4
441,140,21,4
442,141,106,4
443,141,142,1
444,141,125,5
445,141,136,2
446,141,23,2
447,142,149,2
448,142,120,5
449,143,92,2
450,143,27,2
451,143,70,5
452,143,141,4
453,144,143,2
454,144,78,2
455,144,14,3
456,145,48,5
457,145,120,2
458,145,66,5
459,146,109,4
460,146,109,1
461,147,40,1
462,147,111,1
463,147,101,4
464,148,100,2
465,149,106,2
466,149,129,4
467,150,111,3
468,150,58,3
469,150,137,1
470,150,115,4
471,151,45,2
472,151,123,4
473,151,67,2
474,151,21,2
475,152,124,1
476,152,7,3
477,152,105,5
478,152,12,1
479,152,122,2
480,153,128,2
481,153,55,2
482,153,126,3
483,154,134,2
484,154,95,2
485,154,101,4
486,154,97,2
487,155,99,3
488,156,86,2
489,156,121,5
490,156,47,4
491,156,91,3
492,156,75,3
493,157,131,1
494,157,51,1
495,158,12,1
496,158,29,1
497,158,113,1
498,158,36,2
499,158,57,4
500,159,56,2
501,160,71,3
502,161,46,1
503,161,23,2
504,161,53,3
505,162,139,1
506,162,107,3
507,162,106,2
508,162,8,2
509,163,119,5
510,164,65,4
511,164,16,4
512,164,123,2
513,164,52,4
514,165,3,3
515,165,149,2
516,166,25,4
517,166,123,4
518,167,34,2
519,167,44,4
520,167,117,1
521,167,24,3
522,168,29,5
523,168,145,4
524,168,111,3
525,169,57,3
526,169,79,2
527,169,139,1
528,169,9,4
529,170,51,4
530,170,57,3
531,170,31,2
532,171,36,1
533,171,43,3
534,171,12,4
535,171,32,2
536,171,2,1
537,172,124,5
538,172,54,3
539,172,110,3
540,172,17,3
541,172,83,3
542,173,17,5
543,174,78,4
544,174,57,1
545,174,141,3
546,174,40,4
547,174,147,2
548,175,60,5
549,175,4,1
550,175,137,5
551,176,97,3
552,176,75,1
553,176,73,5
554,177,42,3
555,177,110,2
556,178,111,3
557,179,31,5
558,179,30,5
559,179,134,5
560,179,40,1
561,180,122,4
562,180,116,1
563,181,89,1
564,181,45,3
565,181,66,4
566,181,60,5
567,181,5,4
568,182,51,4
569,182,15,5
570,182,88,3
571,182,138,4
572,182,86,3
573,183,45,1
574,183,33,5
575,184,48,3
576,184,120,5
577,184,74,4
578,184,91,4
579,184,86,2
580,185,134,4
581,186,76,2
582,186,129,5
583,186,125,5
584,186,147,3
585,187,103,2
586,187,104,2
587,187,6,3
588,188,89,4
589,188,33,2
590,189,126,1
591,190,25,5
592,190,29,4
593,190,5,1
594,191,33,4
595,192,119,4
596,192,133,3
597,192,61,4
598,193,143,3
599,194,82,1
600,194,28,3
601,195,4,1
602,195,87,1
603,195,83,4
604,195,39,3
605,196,117,4
606,196,89,1
607,197,8,2
608,197,11,1
609,197,89,3
610,197,29,3
611,197,29,2
612,198,52,4
613,198,109,3
614,199,82,3
615,199,37,1
616,200,70,3
617,201,69,3
618,202,64,1
619,202,120,1
620,202,23,2
621,202,141,1
622,202,69,4
623,203,102,5
624,203,77,2
625,203,30,3
626,203,92,4
627,204,21,4
628,205,90,1
629,206,25,5
630,206,139,3
631,207,75,3
632,207,146,1
633,207,39,3
634,207,98,1
635,207,20,4
636,208,139,4
637,208,108,4
638,208,86,3
639,209,40,4
640,209,110,3
641,209,79,2
642,210,8,3
643,211,138,5
644,212,127,5
645,213,97,1
646,213,132,4
647,213,1,2
648,214,34,5
649,214,129,1
650,215,34,3
651,215,84,5
652,215,90,3
653,216,28,1
654,216,85,4
655,216,135,1
656,216,119,3
657,217,39,2
658,217,29,3
659,217,102,5
660,218,116,4
661,219,6,3
662,220,93,5
663,220,109,4
664,220,150,5
665,220,12,3
666,221,27,5
667,221,72,5
668,221,109,4
669,222,54,1
670,222,20,4
671,222,97,5
672,222,66,1
673,223,24,4
674,223,50,1
675,223,90,1
676,223,129,3
677,224,137,2
678,224,2,5
679,224,118,1
680,225,57,3
681,225,25,1
682,225,127,2
683,225,9,3
684,225,144,3
685,226,50,2
686,227,128,1
687,227,69,4
688,227,146,1
689,228,48,5
690,228,47,4
691,229,147,4
692,229,6,3
693,229,122,2
694,229,141,1
695,229,148,3
696,230,45,3
697,230,69,3
698,230,108,3
699,230,57,2
700,230,67,2
701,231,140,2
702,231,35,1
703,231,12,2
704,232,77,2
705,232,120,5
706,233,109,3
707,233,144,5
708,233,27,5
709,233,23,4
710,233,73,4
711,234,112,5
712,234,13,4
713,234,140,4
714,234,124,4
715,234,3,2
716,235,150,5
717,235,75,5
718,235,136,3
719,236,136,4
720,236,26,3
721,236,109,4
722,237,19,4
723,238,103,3
724,239,119,4
725,239,24,3
726,239,127,2
727,239,79,3
728,239,137,4
729,240,25,5
730,240,88,3
731,240,137,4
732,241,77,1
733,241,36,3
734,241,84,2
735,241,133,4
736,241,58,5
737,242,134,3
738,242,18,3
739,242,57,3
740,243,44,5
741,243,50,4
742,243,127,4
743,243,29,1
744,243,103,2
745,244,54,2
746,244,78,2
747,245,126,1
748,245,11,3
749,245,82,1
750,245,23,4
751,246,81,1
752,246,80,4
753,246,98,4
754,246,65,2
755,247,39,1
756,248,84,1
757,248,122,2
758,248,119,5
759,248,93,5
760,249,99,1
761,250,33,4
762,251,51,4
763,251,68,2
764,252,45,4
765,253,34,5
766,254,103,2
767,254,144,1
768,254,4,4
769,255,7,5
770,255,37,5
771,255,144,4
772,255,7,5
773,255,147,1
774,256,27,5
775,257,122,3
776,257,49,4
777,257,58,5
778,258,124,5
779,258,102,4
780,258,92,5
781,258,100,3
782,258,117,5
783,259,40,2
784,259,144,3
785,259,73,4
786,260,144,3
787,260,7,3
788,260,4,2
789,261,33,4
790,261,136,4
791,261,21,2
792,261,78,5
793,261,48,1
794,262,60,3
795,262,16,5
796,263,104,2
797,263,101,5
798,263,1,4
799,263,100,4
800,264,41,3
801,264,57,4
802,264,132,1
803,264,118,1
804,265,92,5
805,266,56,4
806,266,91,1
807,266,96,2
808,266,57,5
809,267,113,3
810,268,47,1
811,269,67,4
812,269,142,5
813,269,4,2
814,270,66,3
815,270,100,5
816,271,32,3
817,271,70,2
818,271,31,1
819,271,7,1
820,271,145,2
821,272,44,4
822,272,128,2
823,273,81,4
824,273,96,4
825,273,29,5
826,273,50,2
827,274,46,4
828,274,84,4
829,275,103,5
830,275,90,2
831,276,67,4
832,276,11,2
833,276,148,2
834,276,130,3
835,276,53,1
836,277,145,3
837,278,70,3
838,278,85,2
839,278,128,5
840,278,89,1
841,278,87,4
842,279,95,2
843,279,85,2
844,279,11,2
845,279,81,1
846,279,121,3
847,280,98,5
848,280,46,3
849,280,150,1
850,281,53,2
851,281,37,3
852,281,4,5
853,281,73,4
854,281,55,1
855,282,114,2
856,282,7,5
857,282,85,3
858,283,61,2
859,284,35,5
860,284,105,4
861,284,9,3
862,284,81,1
863,285,88,4
864,285,12,2
865,286,40,5
866,286,24,3
867,286,27,1
868,286,148,1
869,286,88,3
870,287,87,4
871,287,15,5
872,287,49,1
873,287,133,5
874,287,24,2
875,288,113,5
876,288,65,3
877,288,2,1
878,288,47,4
879,289,65,1
880,289,145,1
881,289,59,1
882,289,110,4
883,290,70,4
884,290,105,5
885,290,146,4
886,290,84,4
887,290,23,3
888,291,111,2
889,291,145,2
890,292,85,5
891,293,7,4
892,293,11,3
893,294,22,3
894,294,87,1
895,294,103,3
896,295,14,1
897,295,22,2
898,295,24,3
899,295,95,3
900,295,28,3
901,296,140,4
902,296,10,3
903,296,27,3
904,296,15,2
905,296,2,1
906,297,119,4
907,297,91,5
908,297,32,3
909,297,107,2
910,297,42,2
911,298,122,4
912,298,100,5
913,298,29,4
914,298,113,5
915,298,2,3
916,299,75,2
917,299,149,4
918,300,106,2
919,300,133,1
920,301,96,1
921,301,123,3
922,301,123,3
923,301,40,2
924,302,53,5
925,302,3,2
926,302,81,4
927,302,98,2
928,303,125,2
929,303,66,5
930,304,24,1
931,305,40,2
932,306,92,5
933,306,24,2
934,307,129,1
935,307,80,1
936,308,14,4
937,308,95,1
938,308,41,2
939,308,12,3
940,309,50,2
941,310,20,5
942,310,80,1
943,310,146,3
944,311,142,2
945,312,67,3
946,312,150,5
947,312,26,3
948,312,68,5
949,313,36,5
950,313,75,2
951,313,147,2
952,313,122,1
953,313,2,1
954,314,93,3
955,315,50,4
956,316,92,4
957,316,71,5
958,316,79,2
959,317,13,5
960,317,137,5
961,318,96,5
962,318,106,1
963,318,92,5
964,318,146,1
965,318,111,4
966,319,6,2
967,319,101,5
968,320,40,1
969,320,54,3
970,321,68,1
971,321,34,4
972,321,63,3
973,321,90,2
974,321,21,4
975,322,14,4
976,322,45,4
977,322,33,4
978,322,52,1
979,322,12,3
980,323,82,3
981,323,72,1
982,323,116,4
983,324,68,2
984,325,20,2
985,325,2,4
986,325,84,3
987,325,93,3
988,326,32,3
989,327,40,1
990,327,125,4
991,328,129,3
992,329,68,3
993,329,147,2
994,330,149,2
995,330,63,1
996,330,14,3
997,330,18,3
998,331,103,2
999,331,37,2
1000,332,31,2
1001,333,114,1
1002,333,87,4
1003,333,72,1
1004,333,79,3
1005,333,57,4
1006,334,84,4
1007,334,76,3
1008,334,66,4
1009,335,83,1
1010,335,113,4
1011,336,87,3
1012,336,40,3
1013,336,104,2
1014,337,108,2
1015,337,24,4
1016,337,109,5
1017,337,29,1
1018,338,87,2
1019,338,38,5
1020,338,43,4
1021,339,42,1
1022,339,65,4
1023,340,108,4
1024,340,124,4
1025,340,150,4
1026,340,101,1
1027,340,42,1
1028,341,2,2
1029,342,10,4
1030,342,114,1
1031,342,28,3
1032,342,39,4
1033,343,111,5
1034,343,48,1
1035,344,14,4
1036,344,38,5
1037,344,19,2
1038,344,14,3
1039,345,71,3
1040,345,65,3
1041,345,56,5
1042,345,141,3
1043,345,5,2
1044,346,36,1
1045,347,24,5
1046,347,33,1
1047,347,33,1
1048,347,129,5
1049,347,120,4
1050,348,67,2
1051,348,19,3
1052,348,118,3
1053,348,47,2
1054,349,99,5
1055,349,147,5
1056,350,46,4
1057,351,6,5
1058,352,147,2
1059,353,93,1
1060,354,19,3
1061,354,66,1
1062,355,112,1
1063,355,72,2
1064,355,71,3
1065,355,69,4
1066,356,113,4
1067,356,22,4
1068,356,121,3
1069,356,147,1
1070,357,123,5
1071,357,38,2
1072,358,115,1
1073,358,102,2
1074,358,85,4
1075,358,123,1
1076,358,127,3
1077,359,145,2
1078,359,13,2
1079,359,140,1
1080,360,57,2
1081,360,74,4
1082,361,9,4
1083,361,49,5
1084,362,82,4
1085,362,26,2
1086,362,130,4
1087,362,16,3
1088,362,100,1
1089,363,61,1
1090,364,81,4
1091,364,4,3
1092,364,84,4
1093,365,133,1
1094,365,25,2
1095,366,124,2
1096,366,143,3
1097,366,104,2
1098,366,87,2
1099,367,77,3
1100,367,59,5
1101,367,9,1
1102,367,5,2
1103,367,131,4
1104,368,96,1
1105,368,40,1
1106,368,127,5
1107,368,48,3
1108,369,89,5
1109,369,24,1
1110,370,57,4
1111,370,73,1
1112,370,107,4
1113,370,50,5
1114,370,48,2
1115,371,42,1
1116,371,140,4
1117,371,138,2
1118,371,72,5
1119,372,139,1
1120,372,10,3
1121,372,39,2
1122,372,39,5
1123,372,76,5
1124,373,105,1
1125,373,36,5
1126,373,43,5
1127,373,24,4
1128,373,148,1
1129,374,137,5
1130,374,23,1
1131,374,107,1
1132,374,83,1
1133,375,72,1
1134,375,133,1
1135,375,32,2
1136,375,67,4
1137,376,122,5
1138,376,64,5
1139,376,85,5
1140,376,116,2
1141,377,98,5
1142,377,54,4
1143,378,37,5
1144,378,137,4
1145,379,127,2
1146,379,112,3
1147,379,45,3
1148,379,13,2
1149,379,15,1
1150,380,107,2
1151,380,47,1
1152,380,114,4
1153,381,46,5
1154,381,1,5
1155,381,26,5
1156,381,49,4
1157,382,70,1
1158,382,66,4
1159,382,148,5
1160,382,146,4
1161,382,110,3
1162,383,13,1
1163,383,127,5
1164,384,34,1
1165,385,79,5
1166,385,117,3
1167,385,79,4
1168,386,59,3
1169,386,134,2
1170,386,70,5
1171,386,143,4
1172,387,86,1
1173,387,109,4
1174,387,66,2
1175,387,107,3
1176,387,136,4
1177,388,43,1
1178,388,98,3
1179,388,27,5
1180,388,16,4
1181,388,51,1
1182,389,52,3
1183,389,29,4
1184,390,105,5
1185,390,82,5
1186,390,37,1
1187,390,144,3
1188,391,50,3
1189,391,30,5
1190,392,45,2
1191,392,21,1
1192,393,99,3
1193,394,129,4
1194,394,26,4
1195,395,85,4
1196,395,138,5
1197,395,51,4
1198,395,73,2
1199,395,21,2
1200,396,17,3
1201,397,55,3
1202,398,6,1
1203,398,6,1
1204,398,119,4
1205,398,48,4
1206,398,5,3
1207,399,121,5
1208,399,8,1
1209,400,88,3
1210,400,8,3
1211,401,57,1
1212,402,101,3
1213,402,125,2
1214,402,89,3
1215,402,136,2
1216,403,59,1
1217,403,145,3
1218,403,103,5
1219,403,90,4
1220,404,32,4
1221,404,9,3
1222,405,146,5
1223,405,132,2
1224,406,98,4
1225,406,23,3
1226,406,69,2
1227,406,87,4
1228,407,36,4
1229,407,31,5
1230,408,26,3
1231,408,30,3
1232,408,42,2
1233,408,134,5
1234,408,14,3
1235,409,129,1
1236,409,114,1
1237,410,108,4
1238,410,46,3
1239,410,46,2
1240,410,139,1
1241,410,26,2
1242,411,119,3
1243,411,88,3
1244,412,70,4
1245,412,103,1
1246,413,76,5
1247,413,19,5
1248,413,119,1
1249,414,60,5
1250,414,8,4
1251,414,135,3
1252,414,142,4
1253,415,147,5
1254,415,117,2
1255,415,27,3
1256,415,132,3
1257,416,93,5
1258,417,124,1
1259,418,146,1
1260,418,71,5
1261,418,60,2
1262,419,50,2
1263,419,112,4
1264,420,23,5
1265,420,60,4
1266,420,93,4
1267,421,58,2
1268,421,106,1
1269,421,144,4
1270,421,115,3
1271,421,39,3
1272,422,120,1
1273,422,103,4
1274,422,68,1
1275,423,31,5
1276,423,101,2
1277,424,139,4
1278,424,102,2
1279,424,149,2
1280,425,10,1
1281,425,64,3
1282,426,133,4
1283,426,112,1
1284,427,116,1
1285,427,150,3
1286,428,81,4
1287,429,132,3
1288,430,56,3
1289,430,1,5
1290,431,130,5
1291,431,53,4
1292,431,97,5
1293,432,124,3
1294,433,30,2
1295,433,27,2
1296,433,18,4
1297,433,69,4
1298,434,21,5
1299,434,63,1
1300,434,15,4
1301,434,117,4
1302,434,52,1
1303,435,75,3
1304,436,46,1
1305,436,114,3
1306,436,32,5
1307,436,58,1
1308,437,150,5
1309,437,89,3
1310,438,85,1
1311,438,149,5
1312,438,86,5
1313,438,2,5
1314,438,31,4
1315,439,39,5
1316,439,115,3
1317,440,42,2
1318,440,28,2
1319,440,13,1
1320,440,69,3
1321,440,9,2
1322,441,62,1
1323,441,39,5
1324,441,81,3
1325,442,62,4
1326,442,36,4
1327,443,58,4
1328,443,116,5
1329,443,63,1
1330,443,28,3
1331,443,47,5
1332,444,22,4
1333,444,128,3
1334,445,96,3
1335,445,43,3
1336,445,53,2
1337,445,21,5
1338,446,14,3
1339,446,92,1
1340,446,42,1
1341,446,112,1
1342,446,2,3
1343,447,70,2
1344,447,52,2
1345,448,57,2
1346,448,97,4
1347,448,42,3
1348,448,47,3
1349,448,18,2
1350,449,120,1
1351,449,74,2
1352,449,22,5
1353,450,27,1
1354,451,129,1
1355,451,9,2
1356,451,57,3
1357,451,118,4
1358,452,121,1
1359,453,15,2
1360,453,126,5
1361,454,71,1
1362,454,47,3
1363,454,60,1
1364,455,23,1
1365,456,40,1
1366,456,41,5
1367,456,48,1
1368,456,140,4
1369,457,85,1
1370,457,21,4
1371,458,86,5
1372,458,78,2
1373,459,96,3
1374,459,33,5
1375,459,91,2
1376,459,110,1
1377,459,48,1
1378,460,113,5
1379,461,15,5
1380,461,125,4
1381,462,13,1
1382,462,90,5
1383,462,129,2
1384,463,109,1
1385,464,48,1
1386,464,135,5
1387,464,98,2
1388,464,146,3
1389,465,81,3
1390,465,127,3
1391,466,134,3
1392,467,48,1
1393,467,28,4
1394,467,120,2
1395,468,8,4
1396,468,11,3
1397,468,45,3
1398,469,7,2
1399,469,35,3
1400,469,42,2
1401,469,69,4
1402,469,9,3
1403,470,67,4
1404,470,64,5
1405,471,103,3
1406,471,12,4
1407,471,64,5
1408,472,124,4
1409,472,148,2
1410,472,104,4
1411,472,102,2
1412,473,78,5
1413,473,137,5
1414,474,142,4
1415,474,117,2
1416,474,108,1
1417,474,126,2
1418,475,72,5
1419,476,88,2
1420,476,86,1
1421,477,9,3
1422,477,47,3
1423,477,119,1
1424,477,135,2
1425,477,56,5
1426,478,2,3
1427,478,38,1
1428,478,30,3
1429,478,105,2
1430,479,120,3
1431,479,128,3
1432,480,123,5
1433,481,147,4
1434,481,15,3
1435,481,147,5
1436,481,1,1
1437,482,8,1
1438,482,101,4
1439,482,55,4
1440,482,17,2
1441,482,4,3
1442,483,126,2
1443,484,113,4
1444,484,58,5
1445,484,71,2
1446,485,76,5
1447,485,118,4
1448,485,6,2
1449,485,100,5
1450,485,77,1
1451,486,120,5
1452,486,4,1
1453,486,21,5
1454,487,147,4
1455,487,59,3
1456,487,76,2
1457,488,148,1
1458,488,13,1
1459,488,108,3
1460,488,86,5
1461,488,49,4
1462,489,65,4
1463,489,33,5
1464,489,97,3
1465,489,90,2
1466,489,4,5
1467,490,80,3
1468,490,25,1
1469,491,45,3
1470,491,61,5
1471,491,113,3
1472,492,85,1
1473,492,122,1
1474,492,48,1
1475,492,61,4
1476,493,30,5
1477,494,21,4
1478,495,86,4
1479,495,6,3
1480,495,60,4
1481,495,45,5
1482,496,78,5
1483,496,108,2
1484,496,39,2
1485,496,36,4
1486,497,38,5
1487,497,66,1
1488,497,49,2
1489,497,105,2
1490,497,108,2
1491,498,35,3
1492,498,128,5
1493,498,43,3
1494,499,143,4
1495,499,1,1
1496,499,16,5
1497,500,136,2
1498,500,51,2
1499,501,110,2
1500,501,43,4
1501,501,75,5
1502,501,100,2
1503,501,140,1
1504,502,129,5
1505,503,12,2
1506,503,58,4
1507,504,43,3
1508,505,31,3
1509,506,43,2
1510,507,38,5
1511,507,117,4
1512,507,116,5
1513,507,86,1
1514,508,46,2
1515,509,31,4
1516,509,17,3
1517,510,10,5
1518,511,87,5
1519,511,95,5
1520,512,117,2
1521,512,29,5
1522,512,123,2
1523,513,85,2
1524,513,86,4
1525,513,6,2
1526,513,26,3
1527,514,51,5
1528,514,93,1
1529,514,83,3
1530,515,90,2
1531,516,86,5
1532,516,127,3
1533,517,115,3
1534,518,7,3
1535,519,70,4
1536,519,116,1
1537,519,74,3
1538,519,17,4
1539,519,9,4
1540,520,50,1
1541,520,36,1
1542,521,134,3
1543,521,125,1
1544,521,7,3
1545,521,123,1
1546,521,2,3
1547,522,130,5
1548,522,147,2
1549,522,42,3
1550,522,140,1
1551,523,112,4
1552,523,30,4
1553,523,19,4
1554,523,26,5
1555,523,83,5
1556,524,28,1
1557,524,98,3
1558,524,47,3
1559,524,99,2
1560,524,128,5
1561,525,35,3
1562,525,121,2
1563,525,96,2
1564,525,142,2
1565,526,129,1
1566,527,2,1
1567,527,24,5
1568,527,45,5
1569,527,44,1
1570,527,44,1
1571,528,56,5
1572,528,15,1
1573,528,136,3
1574,529,14,4
1575,529,120,1
1576,529,75,5
1577,530,145,4
1578,530,58,2
1579,530,150,2
1580,530,93,3
1581,530,116,5
1582,531,31,4
1583,531,58,1
1584,531,78,3
1585,532,116,5
1586,532,59,1
1587,532,9,5
1588,533,73,3
1589,533,10,2
1590,533,61,4
1591,534,84,2
1592,535,138,1
1593,536,7,4
1594,537,59,3
1595,537,110,2
1596,537,55,5
1597,538,44,3
1598,538,65,4
1599,538,127,2
1600,538,16,3
1601,538,123,1
1602,539,54,3
1603,539,85,5
1604,539,81,5
1605,539,3,3
1606,540,110,1
1607,540,54,5
1608,540,86,3
1609,540,148,4
1610,540,37,2
1611,541,89,2
1612,541,48,2
1613,541,123,3
1614,541,24,3
1615,542,71,4
1616,542,145,4
1617,542,127,5
1618,542,72,5
1619,542,46,2
1620,543,2,3
1621,544,66,3
1622,544,39,4
1623,544,144,1
1624,545,19,3
1625,545,12,5
1626,545,66,2
1627,545,136,3
1628,545,34,2
1629,546,18,1
1630,546,144,4
1631,547,87,2
1632,547,3,4
1633,547,15,3
1634,547,43,3
1635,548,3,3
1636,548,64,5
1637,548,109,2
1638,548,142,1
1639,549,88,2
1640,549,6,1
1641,549,149,3
1642,549,106,2
1643,550,35,1
1644,550,90,3
1645,550,144,2
1646,550,67,3
1647,550,73,4
1648,551,12,2
1649,551,60,2
1650,551,117,4
1651,552,118,3
1652,553,51,3
1653,554,123,3
1654,554,48,3
1655,554,72,4
1656,554,107,3
1657,554,123,1
1658,555,94,5
1659,555,136,4
1660,555,52,1
1661,555,99,5
1662,556,80,4
1663,556,83,5
1664,556,1,1
1665,556,39,5
1666,556,87,5
1667,557,38,5
1668,557,50,3
1669,558,22,2
1670,559,13,4
1671,560,126,3
1672,560,147,1
1673,560,104,1
1674,560,12,4
1675,561,30,5
1676,561,27,1
1677,561,74,3
1678,561,23,2
1679,561,82,3
1680,562,97,4
1681,562,91,1
1682,562,78,3
1683,562,137,4
1684,562,71,3
1685,563,116,1
1686,563,70,5
1687,563,9,5
1688,563,92,5
1689,564,58,5
1690,564,82,5
1691,564,17,3
1692,564,10,5
1693,564,117,3
1694,565,120,5
1695,565,68,4
1696,565,120,2
1697,565,109,5
1698,565,81,5
1699,566,6,1
1700,566,103,5
1701,566,90,4
1702,567,69,1
1703,568,26,1
1704,568,143,2
1705,568,86,5
1706,568,122,2
1707,569,70,3
1708,569,142,4
1709,569,98,4
1710,569,86,1
1711,570,38,2
1712,570,46,2
1713,570,63,2
1714,570,87,4
1715,571,129,2
1716,571,135,3
1717,571,147,5
1718,571,104,2
1719,572,21,1
1720,572,136,1
1721,572,57,5
1722,572,90,5
1723,573,25,4
1724,574,52,2
1725,574,23,4
1726,574,128,5
1727,575,86,4
1728,575,43,3
1729,576,141,5
1730,576,25,2
1731,577,83,3
1732,577,88,1
1733,577,55,5
1734,577,130,4
1735,577,30,5
1736,578,10,5
1737,578,66,5
1738,578,62,1
1739,579,26,4
1740,580,134,4
1741,580,46,2
1742,581,53,5
1743,581,54,2
1744,581,76,5
1745,581,68,1
1746,582,66,5
1747,582,98,2
1748,582,88,4
1749,583,48,4
1750,583,108,1
1751,583,22,5
1752,583,115,4
1753,583,124,1
1754,584,105,1
1755,584,53,2
1756,585,43,2
1757,585,122,3
1758,585,74,3
1759,585,85,3
1760,586,10,2
1761,586,66,1
1762,586,137,5
1763,586,120,1
1764,586,128,1
1765,587,39,5
1766,587,108,2
1767,587,53,1
1768,587,150,1
1769,587,72,5
1770,588,130,5
1771,588,143,1
1772,588,10,3
1773,589,100,4
1774,589,99,2
1775,590,8,5
1776,590,39,1
1777,590,118,3
1778,591,131,5
1779,591,141,4
1780,591,104,2
1781,591,111,4
1782,591,113,1
1783,592,90,5
1784,592,62,2
1785,593,52,2
1786,593,126,5
1787,594,10,5
1788,594,54,5
1789,594,137,3
1790,594,24,5
1791,594,8,3
1792,595,140,1
1793,595,137,5
1794,596,68,4
1795,596,141,2
1796,597,4,4
1797,597,24,1
1798,597,43,2
1799,597,23,1
1800,598,82,5
1801,598,48,4
1802,598,72,2
1803,598,82,4
1804,599,45,4
1805,599,130,1
1806,599,76,1
1807,600,82,4
1808,600,65,3
1809,600,43,1
1810,601,116,4
1811,601,104,4
1812,601,79,2
1813,602,22,4
1814,602,65,4
1815,602,36,2
1816,603,119,5
1817,603,130,4
1818,603,32,3
1819,603,94,2
1820,604,44,2
1821,604,93,2
1822,604,140,1
1823,605,126,3
1824,605,44,1
1825,605,44,5
1826,605,133,2
1827,605,107,4
1828,606,114,4
1829,606,126,5
1830,606,42,3
1831,606,5,2
1832,606,12,1
1833,607,6,5
1834,608,87,2
1835,608,116,3
1836,608,88,5
1837,609,97,2
1838,610,32,4
1839,610,8,5
1840,610,77,3
1841,610,26,4
1842,611,12,2
1843,611,128,2
1844,611,73,1
1845,611,139,4
1846,612,85,5
1847,612,120,4
1848,612,111,3
1849,613,86,3
1850,613,29,5
1851,614,137,3
1852,614,69,4
1853,614,130,3
1854,615,5,2
1855,615,150,2
1856,616,88,4
1857,616,47,2
1858,616,56,2
1859,616,33,1
1860,616,108,4
1861,617,67,2
1862,617,57,3
1863,618,21,5
1864,618,148,5
1865,618,21,3
1866,618,112,5
1867,619,135,1
1868,620,57,1
1869,621,77,3
1870,621,12,3
1871,621,15,3
1872,621,30,4
1873,621,88,5
1874,622,125,4
1875,622,78,3
1876,623,128,1
1877,623,92,2
1878,623,55,1
1879,623,92,4
1880,623,120,1
1881,624,120,3
1882,624,135,2
1883,625,83,4
1884,626,55,1
1885,626,55,4
1886,627,51,1
1887,627,124,1
1888,627,12,2
1889,627,128,4
1890,628,82,4
1891,628,46,4
1892,628,140,1
1893,628,49,4
1894,628,93,1
1895,629,86,1
1896,630,49,1
1897,630,22,2
1898,630,2,3
1899,630,16,3
1900,630,24,4
1901,631,117,2
1902,631,118,3
1903,631,43,1
1904,631,150,3
1905,631,80,2
1906,632,117,4
1907,632,90,5
1908,632,25,2
1909,632,51,1
1910,633,71,4
1911,634,141,4
1912,634,137,4
1913,634,28,2
1914,634,109,1
1915,635,15,1
1916,635,128,2
1917,636,81,2
1918,637,37,1
1919,638,4,2
1920,638,64,3
1921,638,146,5
1922,638,6,3
1923,639,94,2
1924,639,120,4
1925,639,142,5
1926,640,55,4
1927,640,5,3
1928,640,41,1
1929,640,71,3
1930,640,100,5
1931,641,131,5
1932,641,112,3
1933,642,27,5
1934,642,96,3
1935,642,58,3
1936,643,136,4
1937,643,10,2
1938,644,127,4
1939,644,9,2
1940,644,6,3
1941,644,126,1
1942,644,106,4
1943,645,112,3
1944,646,133,1
1945,646,61,5
1946,646,1,2
1947,647,12,4
1948,647,9,5
1949,647,140,3
1950,648,114,4
1951,648,8,4
1952,648,143,1
1953,648,65,2
1954,648,93,5
1955,649,108,4
1956,649,34,3
1957,649,71,5
1958,649,12,2
1959,650,35,3
1960,650,127,2
1961,650,10,5
1962,650,66,4
1963,651,146,5
1964,651,142,2
1965,652,128,5
1966,652,136,5
1967,652,68,1
1968,652,145,5
1969,653,139,5
1970,653,106,5
1971,653,136,5
1972,653,64,2
1973,654,53,4
1974,654,119,1
1975,655,108,4
1976,655,102,3
1977,656,83,5
1978,656,22,3
1979,657,24,3
1980,658,32,5
1981,658,16,4
1982,658,124,3
1983,658,138,2
1984,659,47,5
1985,659,49,5
1986,659,127,1
1987,660,123,3
1988,660,68,1
1989,661,117,4
1990,662,50,3
1991,662,95,1
1992,662,67,4
1993,662,98,5
1994,662,147,5
1995,663,117,1
1996,663,115,2
1997,663,31,5
1998,664,139,4
1999,664,56,5
2000,664,48,4
2001,665,93,4
2002,665,83,4
2003,665,37,3
2004,665,103,4
2005,666,74,3
2006,666,26,2
2007,666,82,4
2008,666,38,3
2009,666,46,1
2010,667,66,4
2011,668,17,4
2012,669,48,2
2013,670,22,1
2014,670,101,2
2015,671,69,2
2016,672,66,4
2017,673,115,5
2018,674,73,3
2019,675,36,4
2020,675,73,1
2021,676,97,1
2022,676,107,1
2023,676,16,5
2024,676,101,1
2025,677,142,1
2026,677,149,3
2027,677,4,2
2028,678,15,3
2029,679,65,3
2030,680,40,4
2031,680,116,1
2032,680,41,4
2033,680,46,3
2034,681,53,5
2035,681,84,5
2036,681,119,4
2037,682,7,2
2038,683,17,3
2039,683,31,2
2040,683,50,3
2041,684,75,5
2042,684,49,5
2043,684,149,5
2044,684,73,3
2045,685,20,3
2046,685,43,2
2047,685,62,5
2048,685,115,1
2049,686,106,2
2050,686,95,3
2051,687,44,1
2052,688,87,2
2053,689,97,2
2054,689,139,4
2055,690,79,1
2056,690,146,1
2057,690,117,3
2058,691,136,1
2059,691,70,5
2060,691,37,2
2061,691,22,5
2062,692,24,4
2063,692,44,2
2064,693,60,5
2065,693,9,4
2066,693,47,5
2067,694,41,4
2068,694,83,5
2069,694,134,4
2070,694,51,1
2071,694,81,5
2072,695,82,1
2073,695,92,2
2074,695,9,5
2075,695,6,5
2076,696,1,5
2077,696,122,3
2078,696,83,1
2079,696,133,3
2080,696,124,5
2081,697,76,5
2082,697,58,5
2083,697,93,5
2084,697,76,1
2085,697,77,5
2086,698,5,4
2087,698,127,3
2088,699,75,1
2089,699,63,3
2090,699,75,3
2091,700,93,4
2092,701,127,3
2093,702,66,4
2094,702,97,3
2095,702,121,1
2096,703,129,2
2097,703,64,4
2098,703,61,5
2099,704,57,1
2100,704,147,2
2101,704,66,1
2102,704,114,3
2103,705,139,1
2104,706,107,3
2105,706,145,1
2106,706,8,5
2107,706,33,5
2108,707,123,3
2109,707,35,5
2110,707,82,2
2111,708,4,2
2112,708,84,5
2113,708,118,4
2114,708,33,5
2115,708,116,5
2116,709,115,2
2117,709,4,5
2118,709,45,1
2119,710,22,4
2120,710,61,2
2121,710,106,4
2122,710,111,2
2123,711,141,4
2124,711,4,4
2125,711,85,1
2126,711,98,4
2127,711,66,1
2128,712,104,1
2129,713,140,5
2130,713,129,5
2131,714,111,4
2132,715,24,5
2133,715,18,3
2134,715,87,3
2135,715,81,1
2136,715,19,2
2137,716,116,4
2138,716,55,1
2139,716,121,3
2140,717,111,5
2141,717,120,1
2142,718,28,1
2143,718,110,3
2144,719,16,1
2145,720,46,5
2146,720,38,5
2147,720,59,2
2148,721,4,1
2149,721,119,3
2150,721,14,5
2151,721,98,3
2152,721,72,2
2153,722,14,1
2154,722,37,1
2155,723,36,1
2156,724,92,1
2157,724,54,4
2158,725,90,3
2159,725,52,4
2160,726,46,1
2161,726,34,2
2162,726,87,4
2163,726,87,5
2164,726,88,1
2165,727,50,5
2166,727,95,1
2167,728,46,3
2168,728,31,2
2169,729,13,5
2170,729,66,3
2171,730,69,1
2172,730,11,4
2173,730,109,4
2174,731,81,5
2175,731,77,5
2176,732,42,2
2177,733,25,1
2178,733,63,4
2179,733,66,1
2180,733,52,2
2181,733,107,1
2182,734,100,1
2183,734,79,3
2184,734,141,5
2185,734,9,4
2186,735,84,5
2187,735,105,5
2188,735,143,3
2189,735,4,2
2190,736,73,1
2191,736,96,5
2192,736,56,3
2193,736,126,5
2194,737,88,3
2195,737,12,3
2196,737,142,3
2197,737,127,4
2198,738,119,5
2199,738,81,5
2200,738,75,2
2201,738,81,3
2202,739,109,3
2203,739,2,5
2204,739,132,1
2205,740,131,1
2206,741,51,3
2207,741,96,4
2208,742,57,5
2209,742,128,2
2210,742,71,1
2211,742,23,5
2212,743,111,4
2213,743,139,1
2214,743,25,1
2215,743,76,3
2216,743,25,4
2217,744,118,1
2218,745,59,5
2219,746,116,2
2220,746,64,2
2221,746,83,2
2222,747,64,5
2223,747,1,4
2224,747,47,3
2225,747,2,1
2226,747,98,1
2227,748,44,5
2228,748,34,1
2229,748,87,1
2230,748,144,4
2231,748,142,4
2232,749,13,1
2233,749,39,5
2234,749,57,1
2235,749,17,5
2236,749,57,4
2237,750,106,1
2238,750,27,3
2239,750,25,1
2240,750,58,2
2241,750,109,2
2242,751,95,1
2243,751,122,2
2244,751,85,2
2245,751,35,2
2246,752,99,2
2247,752,77,1
2248,752,127,4
2249,752,63,2
2250,752,5,4
2251,753,79,3
2252,753,128,1
2253,754,111,1
2254,754,12,4
2255,755,27,1
2256,756,42,3
2257,756,24,2
2258,756,147,4
2259,756,137,3
2260,757,56,3
2261,758,11,3
2262,758,111,1
2263,758,38,1
2264,759,73,5
2265,759,24,1
2266,759,135,1
2267,760,91,5
2268,760,98,3
2269,760,51,4
2270,760,4,2
2271,760,15,2
2272,761,122,1
2273,761,102,1
2274,761,69,4
2275,762,97,1
2276,762,95,5
2277,762,133,2
2278,763,79,5
2279,764,80,3
2280,764,24,1
2281,764,24,3
2282,765,26,3
2283,765,101,4
2284,765,14,1
2285,766,62,4
2286,766,137,5
2287,767,146,3
2288,767,12,2
2289,768,73,3
2290,769,118,2
2291,769,49,2
2292,769,41,5
2293,769,5,4
2294,770,68,2
2295,770,21,1
2296,770,127,4
2297,771,53,1
2298,771,109,4
2299,771,138,3
2300,772,56,3
2301,772,61,5
2302,773,44,5
2303,773,61,1
2304,773,67,5
2305,773,93,2
2306,773,34,5
2307,774,60,2
2308,774,19,3
2309,774,71,2
2310,775,94,2
2311,775,57,2
2312,776,102,3
2313,776,142,5
2314,776,105,2
2315,776,115,3
2316,777,89,5
2317,777,111,5
2318,777,130,3
2319,777,98,5
2320,778,6,3
2321,778,7,5
2322,779,40,2
2323,779,102,3
2324,779,108,5
2325,779,46,5
2326,780,118,5
2327,780,59,2
2328,780,128,3
2329,781,150,1
2330,781,40,4
2331,781,8,4
2332,781,34,5
2333,782,117,3
2334,782,43,2
2335,783,95,1
2336,783,99,5
2337,783,37,1
2338,783,31,1
2339,784,6,1
2340,784,124,5
2341,784,115,2
2342,785,121,3
2343,786,30,3
2344,786,27,2
2345,787,138,3
2346,788,85,5
2347,788,133,3
2348,788,143,2
2349,788,103,2
2350,789,37,4
2351,790,126,3
2352,791,122,2
2353,791,105,2
2354,792,16,2
2355,792,131,1
2356,793,6,4
2357,793,9,3
2358,793,7,4
2359,794,84,5
2360,795,142,1
2361,795,31,3
2362,795,77,5
2363,795,58,2
2364,795,110,2
2365,796,68,5
2366,796,88,4
2367,796,84,2
2368,796,100,3
2369,796,138,5
2370,797,25,3
2371,797,106,1
2372,797,54,2
2373,797,19,4
2374,797,139,5
2375,798,138,1
2376,798,14,1
2377,798,39,1
2378,799,102,1
2379,799,69,3
2380,799,114,2
2381,799,119,5
2382,799,8,5
2383,800,146,3
2384,800,139,5
2385,800,134,4
2386,800,4,3
2387,801,3,1
2388,801,85,4
2389,802,34,3
2390,802,42,4
2391,803,73,1
2392,803,7,5
2393,804,61,5
2394,804,20,4
2395,804,137,3
2396,805,9,3
2397,805,63,3
2398,805,124,1
2399,805,81,3
2400,805,72,3
2401,806,53,4
2402,806,46,1
2403,806,95,5
2404,806,128,4
2405,807,62,2
2406,807,142,3
2407,807,127,1
2408,807,101,2
2409,808,54,2
2410,808,67,3
2411,808,94,5
2412,809,94,2
2413,809,13,3
2414,809,20,2
2415,810,136,2
2416,810,96,1
2417,811,76,5
2418,811,116,4
2419,812,110,2
2420,812,143,4
2421,812,70,1
2422,812,48,4
2423,812,2,1
2424,813,83,4
2425,813,143,5
2426,813,88,1
2427,813,107,1
2428,813,114,5
2429,814,134,5
2430,814,133,1
2431,814,55,4
2432,815,88,5
2433,815,40,4
2434,815,53,2
2435,816,45,3
2436,816,131,3
2437,817,69,3
2438,817,68,5
2439,817,48,3
2440,818,35,2
2441,819,62,4
2442,819,38,4
2443,819,3,5
2444,819,39,2
2445,820,128,2
2446,820,9,5
2447,820,21,3
2448,820,111,4
2449,820,85,5
2450,821,150,5
2451,821,67,3
2452,822,26,2
2453,822,106,4
2454,822,1,2
2455,823,69,2
2456,823,30,2
2457,823,41,4
2458,824,62,2
2459,825,89,5
2460,825,32,5
2461,826,35,1
2462,826,33,4
2463,827,62,1
2464,827,16,5
2465,827,63,1
2466,827,53,2
2467,827,2,4
2468,828,40,1
2469,828,111,3
2470,829,35,1
2471,829,122,1
2472,829,149,5
2473,830,84,1
2474,830,3,1
2475,830,90,1
2476,830,110,1
2477,831,11,5
2478,831,3,4
2479,831,23,5
2480,831,138,1
2481,832,34,4
2482,832,73,5
2483,832,139,4
2484,833,34,5
2485,833,114,2
2486,834,30,2
2487,835,92,3
2488,836,40,2
2489,836,62,3
2490,836,145,2
2491,836,91,5
2492,837,24,5
2493,837,54,4
2494,837,19,2
2495,837,67,1
2496,837,139,3
2497,838,111,5
2498,838,10,2
2499,838,32,2
2500,838,66,2
2501,838,88,2
2502,839,13,4
2503,839,93,3
2504,839,34,1
2505,839,64,4
2506,839,93,3
2507,840,56,2
2508,840,124,3
2509,840,122,3
2510,840,126,4
2511,840,78,2
2512,841,112,3
2513,841,41,5
2514,841,70,3
2515,842,5,5
2516,842,135,4
2517,843,98,5
2518,843,7,5
2519,843,124,3
2520,843,99,3
2521,843,133,2
2522,844,66,3
2523,844,146,4
2524,844,101,5
2525,844,87,1
2526,845,5,1
2527,846,147,1
2528,847,105,2
2529,847,127,2
2530,847,21,1
2531,847,50,4
2532,847,21,5
2533,848,119,2
2534,849,60,4
2535,849,96,1
2536,850,50,4
2537,850,87,1
2538,850,14,5
2539,851,97,5
2540,851,128,1
2541,852,66,4
2542,853,108,4
2543,853,101,5
2544,854,64,5
2545,854,56,3
2546,854,30,4
2547,855,10,1
2548,855,61,1
2549,855,27,5
2550,855,104,5
2551,856,53,4
2552,856,2,3
2553,857,118,3
2554,857,19,5
2555,857,75,2
2556,857,101,5
2557,857,139,1
2558,858,144,1
2559,859,14,3
2560,859,20,3
2561,860,71,3
2562,860,34,3
2563,860,112,3
2564,861,67,4
2565,861,90,3
2566,861,141,2
2567,862,54,3
2568,862,16,4
2569,862,117,1
2570,862,11,2
2571,863,126,5
2572,864,74,4
2573,864,81,3
2574,864,134,5
2575,864,31,5
2576,864,81,4
2577,865,93,1
2578,866,67,5
2579,867,140,3
2580,867,103,1
2581,867,80,1
2582,867,27,2
2583,867,128,4
2584,868,69,4
2585,868,42,3
2586,868,19,4
2587,868,7,2
2588,869,23,3
2589,869,11,1
2590,870,56,3
2591,871,60,3
2592,871,72,3
2593,871,21,5
2594,871,147,1
2595,872,45,4
2596,872,93,3
2597,872,85,1
2598,873,125,1
2599,873,100,2
2600,874,102,5
2601,874,71,1
2602,875,3,3
2603,875,94,2
2604,876,122,1
2605,876,47,3
2606,876,149,4
2607,877,150,3
2608,877,4,4
2609,878,72,1
2610,878,29,1
2611,878,136,2
2612,878,65,4
2613,878,61,5
2614,879,33,3
2615,879,83,1
2616,880,38,4
2617,880,20,1
2618,880,92,2
2619,880,145,3
2620,880,132,1
2621,881,23,3
2622,881,88,3
2623,881,26,4
2624,881,59,2
2625,882,40,3
2626,882,144,1
2627,883,146,3
2628,883,49,3
2629,883,98,3
2630,883,58,2
2631,884,112,5
2632,884,56,2
2633,884,30,4
2634,884,116,2
2635,884,131,2
2636,885,8,5
2637,885,38,1
2638,885,24,2
2639,885,24,3
2640,886,137,2
2641,886,46,3
2642,886,63,3
2643,887,115,4
2644,887,109,3
2645,888,22,5
2646,889,108,3
2647,889,115,4
2648,889,133,5
2649,890,68,5
2650,890,21,5
2651,891,47,4
2652,891,34,4
2653,892,83,5
2654,892,130,5
2655,892,98,1
2656,893,104,1
2657,893,57,5
2658,894,34,3
2659,894,15,1
2660,895,22,4
2661,895,67,3
2662,895,108,3
2663,895,1,3
2664,895,147,3
2665,896,104,1
2666,897,65,2
2667,897,30,1
2668,897,51,1
2669,898,96,3
2670,898,83,2
2671,898,121,2
2672,898,37,1
2673,899,24,5
2674,899,62,1
2675,900,118,5
2676,900,39,5
2677,900,7,1
2678,901,27,2
2679,901,51,4
2680,901,33,1
2681,901,35,5
2682,901,24,1
2683,902,21,5
2684,902,131,1
2685,903,86,1
2686,903,32,3
2687,903,47,3
2688,903,64,3
2689,903,48,4
2690,904,16,3
2691,904,63,3
2692,904,44,1
2693,905,85,5
2694,905,24,3
2695,905,34,1
2696,905,124,2
2697,906,39,2
2698,906,27,2
2699,906,147,5
2700,907,49,2
2701,907,82,3
2702,907,105,5
2703,907,37,4
2704,907,128,2
2705,908,59,3
2706,908,112,1
2707,908,111,1
2708,908,95,3
2709,909,95,1
2710,909,136,3
2711,909,77,4
2712,910,105,1
2713,910,56,5
2714,910,24,2
2715,911,38,4
2716,912,148,3
2717,912,130,4
2718,912,26,1
2719,912,150,5
2720,912,108,3
2721,913,37,1
2722,913,65,3
2723,914,118,2
2724,914,45,3
2725,914,53,1
2726,915,104,5
2727,916,146,1
2728,916,35,1
2729,916,85,1
2730,917,102,5
2731,917,121,4
2732,917,89,2
2733,917,99,3
2734,917,4,5
2735,918,59,4
2736,918,132,4
2737,918,30,5
2738,918,8,4
2739,918,66,2
2740,919,9,3
2741,919,78,2
2742,919,58,4
2743,919,7,1
2744,919,31,4
2745,920,33,4
2746,920,141,5
2747,920,5,2
2748,920,101,3
2749,920,46,4
2750,921,129,5
2751,921,25,1
2752,921,9,1
2753,922,63,4
2754,923,99,4
2755,923,63,5
2756,923,70,5
2757,923,54,5
2758,924,147,4
2759,925,124,3
2760,925,79,5
2761,926,12,4
2762,926,40,5
2763,926,42,4
2764,927,136,3
2765,927,53,5
2766,928,91,4
2767,929,140,5
2768,929,63,4
2769,930,117,1
2770,931,49,3
2771,931,122,3
2772,931,150,2
2773,932,11,4
2774,933,80,3
2775,933,90,1
2776,933,100,5
2777,934,74,5
2778,934,71,3
2779,934,53,2
2780,934,51,4
2781,934,84,1
2782,935,78,3
2783,935,101,1
2784,935,8,4
2785,935,77,4
2786,936,103,5
2787,937,110,4
2788,937,103,1
2789,937,42,3
2790,938,135,1
2791,938,55,2
2792,939,146,4
2793,939,10,3
2794,939,27,4
2795,939,95,2
2796,939,31,4
2797,940,4,2
2798,940,89,4
2799,940,68,4
2800,940,83,2
2801,940,96,2
2802,941,144,2
2803,941,38,5
2804,941,17,5
2805,942,3,5
2806,942,11,1
2807,942,92,4
2808,943,82,5
2809,944,39,1
2810,945,109,5
2811,945,63,3
2812,945,8,5
2813,945,18,5
2814,946,63,4
2815,946,141,3
2816,947,82,2
2817,947,61,2
2818,947,124,1
2819,947,117,3
2820,948,20,3
2821,949,74,3
2822,949,2,1
2823,949,12,5
2824,950,128,2
2825,950,9,5
2826,950,92,5
2827,951,74,3
2828,952,134,5
2829,952,100,5
2830,952,95,4
2831,952,124,3
2832,952,14,4
2833,953,112,4
2834,953,90,5
2835,954,13,3
2836,954,96,4
2837,954,66,3
2838,954,40,4
2839,954,11,2
2840,955,8,3
2841,956,80,2
2842,956,11,4
2843,957,106,1
2844,957,90,2
2845,957,42,5
2846,958,55,1
2847,958,142,1
2848,958,17,3
2849,959,37,4
2850,959,67,5
2851,959,140,1
2852,959,37,2
2853,960,56,1
2854,960,96,2
2855,960,74,5
2856,960,128,5
2857,960,110,4
2858,961,62,4
2859,961,108,1
2860,961,141,1
2861,962,111,1
2862,963,131,5
2863,963,103,4
2864,963,81,1
2865,964,75,4
2866,964,52,5
2867,964,66,3
2868,965,54,2
2869,965,127,3
2870,965,143,4
2871,965,6,4
2872,966,22,3
2873,966,82,4
2874,966,109,2
2875,966,142,2
2876,966,131,4
2877,967,142,1
2878,967,63,4
2879,967,120,1
2880,968,3,4
2881,968,109,4
2882,969,43,4
2883,969,139,1
2884,969,105,4
2885,969,88,2
2886,970,90,5
2887,970,109,4
2888,971,15,5
2889,972,112,1
2890,972,50,1
2891,973,147,2
2892,974,106,1
2893,974,122,3
2894,974,71,3
2895,974,146,1
2896,974,131,4
2897,975,17,4
2898,976,93,4
2899,977,47,4
2900,978,45,5
2901,978,17,5
2902,978,7,1
2903,978,105,5
2904,979,66,4
2905,979,55,4
2906,979,61,3
2907,979,36,4
2908,980,128,1
2909,981,146,1
2910,981,103,3
2911,982,58,3
2912,982,143,2
2913,982,44,3
2914,983,71,4
2915,983,50,1
2916,983,39,5
2917,983,52,5
2918,984,25,1
2919,984,140,2
2920,985,135,3
2921,985,34,2
2922,985,136,5
2923,985,99,4
2924,986,68,3
2925,986,78,3
2926,986,67,1
2927,987,43,2
2928,987,114,3
2929,987,50,5
2930,987,106,2
2931,988,86,4
2932,988,129,5
2933,988,142,1
2934,988,105,3
2935,989,55,3
2936,989,128,5
2937,989,60,2
2938,990,99,3
2939,990,46,4
2940,990,136,2
2941,990,93,3
2942,990,72,1
2943,991,149,4
2944,991,14,4
2945,992,138,5
2946,992,147,1
2947,992,149,2
2948,992,52,2
2949,992,81,1
2950,993,101,5
2951,994,96,1
2952,994,85,3
2953,994,87,3
2954,995,128,4
2955,996,75,4
2956,997,2,3
2957,998,28,5
2958,998,78,2
2959,999,54,5
2960,999,119,4
2961,999,6,5
2962,999,14,4
2963,999,130,1
2964,1000,65,2
2965,1000,108,5
2966,1000,65,5
2967,1000,86,2
2968,1000,91,4
